spend_bin,cum_provider_share,cum_spend_share
1,0.0010004482007939556,2.452086986482842e-09
2,0.002000896401587911,3.4258597705549087e-08
3,0.003001344602381867,1.3980426828212734e-07
4,0.004001792803175822,3.296664211411101e-07
5,0.005002241003969779,5.974460900825716e-07
6,0.006002689204763734,9.480160623660507e-07
7,0.007003137405557689,1.3928285650532167e-06
8,0.008003585606351645,1.9188894987853e-06
9,0.009004033807145602,2.547337815055371e-06
10,0.010004482007939557,3.2658581521825197e-06
11,0.011004930208733513,4.081865621213869e-06
12,0.012005378409527468,4.995811406154933e-06
13,0.013005826610321423,5.992547494438014e-06
14,0.014006274811115379,7.095064653648376e-06
15,0.015006723011909336,8.2978152821878e-06
16,0.01600717121270329,9.60175275147663e-06
17,0.01700761941349725,1.100638664411757e-05
18,0.018008067614291204,1.2498926874389124e-05
19,0.01900851581508516,1.409047256882691e-05
20,0.020008964015879115,1.577647657732319e-05
21,0.02100941221667307,1.7552870397150002e-05
22,0.022009860417467025,1.9422325822287805e-05
23,0.02301030861826098,2.139872362674969e-05
24,0.024010756819054936,2.3475896321347254e-05
25,0.02501120501984889,2.564254861258596e-05
26,0.026011653220642847,2.788982552394022e-05
27,0.027012101421436802,3.0237426141424647e-05
28,0.028012549622230758,3.270058086772968e-05
29,0.029012997823024717,3.528389962638991e-05
30,0.030013446023818672,3.79928476288808e-05
31,0.031013894224612627,4.0823199438907255e-05
32,0.03201434242540658,4.376608830992614e-05
33,0.03301479062620054,4.681360086681469e-05
34,0.0340152388269945,4.9983556916121074e-05
35,0.03501568702778845,5.3273504370858795e-05
36,0.03601613522858241,5.6675855493056904e-05
37,0.03701658342937636,6.017976224988717e-05
38,0.03801703163017032,6.379743014953355e-05
39,0.03901747983096427,6.752533211007463e-05
40,0.04001792803175823,7.137061645549345e-05
41,0.04101837623255218,7.532518149038667e-05
42,0.04201882443334614,7.938533142924825e-05
43,0.04301927263414009,8.356628098141192e-05
44,0.04401972083493405,8.788053382883916e-05
45,0.04502016903572801,9.23154568193756e-05
46,0.04602061723652196,9.687893586476976e-05
47,0.04702106543731592,0.0001015739409327797
48,0.04802151363810987,0.00010639411621393641
49,0.04902196183890383,0.0001113330274319874
50,0.05002241003969778,0.00011641553286396682
51,0.05102285824049174,0.0001216170135565304
52,0.052023306441285694,0.00012694772511829037
53,0.05302375464207965,0.00013239551696781136
54,0.054024202842873605,0.00013796301381900367
55,0.05502465104366756,0.0001436633353180798
56,0.056025099244461515,0.00014950624665625468
57,0.057025547445255474,0.00015546678362633634
58,0.05802599564604943,0.0001615631583687908
59,0.059026443846843385,0.00016777298431026628
60,0.060026892047637344,0.00017411124860642412
61,0.061027340248431296,0.00018057701357920071
62,0.062027788449225255,0.00018716732495419473
63,0.0630282366500192,0.00019387262940050688
64,0.06402868485081316,0.00020069624606308204
65,0.06502913305160712,0.0002076355384579923
66,0.06602958125240108,0.00021469722726525026
67,0.06703002945319503,0.00022186910697667201
68,0.068030477653989,0.00022916394021460477
69,0.06903092585478295,0.0002365725542120495
70,0.0700313740555769,0.00024411202334111045
71,0.07103182225637085,0.0002517634096435737
72,0.07203227045716482,0.0002595509750489182
73,0.07303271865795877,0.00026745972847814353
74,0.07403316685875272,0.0002755210331046415
75,0.07503361505954667,0.00028372692062654086
76,0.07603406326034064,0.00029203975837444263
77,0.07703451146113459,0.00030047603221957444
78,0.07803495966192854,0.0003090358323987372
79,0.0790354078627225,0.00031770228855346406
80,0.08003585606351646,0.00032649867000842194
81,0.08103630426431041,0.0003353992161185656
82,0.08203675246510436,0.0003444229707722668
83,0.08303720066589833,0.0003535708363375367
84,0.08403764886669228,0.0003628454806850165
85,0.08503809706748623,0.00037225204731236914
86,0.08603854526828018,0.00038178691105419374
87,0.08703899346907415,0.00039143739167826573
88,0.0880394416698681,0.0004012234315176289
89,0.08903988987066205,0.0004111236326804043
90,0.09004033807145602,0.0004211624022596207
91,0.09104078627224997,0.0004313258045545164
92,0.09204123447304392,0.00044161801792131646
93,0.09304168267383787,0.00045205045927702994
94,0.09404213087463184,0.00046262771500515633
95,0.09504257907542579,0.0004733434057561915
96,0.09604302727621974,0.0004841971156561826
97,0.0970434754770137,0.0004951913634888823
98,0.09804392367780766,0.0005063286131112944
99,0.09904437187860161,0.0005176142512681109
100,0.10004482007939557,0.0005290296028648429
101,0.10104526828018952,0.0005405699481244587
102,0.10204571648098348,0.0005522390259891951
103,0.10304616468177744,0.0005640186910153525
104,0.10404661288257139,0.0005759341781205258
105,0.10504706108336535,0.0005879949935555444
106,0.1060475092841593,0.0006002074146630936
107,0.10704795748495326,0.0006125375947960818
108,0.10804840568574721,0.0006249999914593811
109,0.10904885388654117,0.0006376116005583122
110,0.11004930208733513,0.0006503474225756306
111,0.11104975028812908,0.0006632329709860134
112,0.11205019848892303,0.0006762560245879197
113,0.113050646689717,0.0006894234453015725
114,0.11405109489051095,0.0007027137724616662
115,0.1150515430913049,0.0007161406749818983
116,0.11605199129209887,0.0007296992996917049
117,0.11705243949289282,0.0007433928794225693
118,0.11805288769368677,0.0007572010559674948
119,0.11905333589448072,0.000771140558444738
120,0.12005378409527469,0.0007852083305730787
121,0.12105423229606864,0.0007994040270986695
122,0.12205468049686259,0.0008137517804807966
123,0.12305512869765654,0.0008282476203002114
124,0.12405557689845051,0.0008428843746928957
125,0.12505602509924446,0.0008576264511258234
126,0.1260564733000384,0.000872510042402915
127,0.12705692150083236,0.0008875494647888325
128,0.12805736970162632,0.0009027421445730746
129,0.1290578179024203,0.0009180875364114958
130,0.13005826610321425,0.0009335754317755539
131,0.1310587143040082,0.0009492049165272202
132,0.13205916250480215,0.000964949139333158
133,0.1330596107055961,0.0009808257238329565
134,0.13406005890639006,0.0009968561424619391
135,0.135060507107184,0.0010130303475484697
136,0.136060955307978,0.001029357872806752
137,0.13706140350877194,0.0010458437087242209
138,0.1380618517095659,0.0010624625419164973
139,0.13906229991035984,0.0010792108688416951
140,0.1400627481111538,0.0010961053676146616
141,0.14106319631194775,0.0011131377168329994
142,0.1420636445127417,0.0011303075320094691
143,0.14306409271353565,0.001147608688811613
144,0.14406454091432963,0.0011650892206809924
145,0.14506498911512358,0.0011827190120660734
146,0.14606543731591753,0.0012004916875406918
147,0.1470658855167115,0.001218411445077768
148,0.14806633371750544,0.001236471968101225
149,0.1490667819182994,0.0012546766071427214
150,0.15006723011909334,0.0012730390350392936
151,0.15106767831988732,0.0012915398116453126
152,0.15206812652068127,0.0013101842138519735
153,0.15306857472147523,0.0013289920623688056
154,0.15406902292226918,0.0013479452509855
155,0.15506947112306313,0.0013670454431978694
156,0.15606991932385708,0.001386268074979317
157,0.15707036752465103,0.0014056539098239067
158,0.158070815725445,0.001425198231877946
159,0.15907126392623896,0.0014448939320508437
160,0.16007171212703292,0.0014647270589484816
161,0.16107216032782687,0.0014847014025165055
162,0.16207260852862082,0.001504819516848721
163,0.16307305672941477,0.001525092006730927
164,0.16407350493020872,0.001545516392612763
165,0.16507395313100268,0.001566086867952245
166,0.16607440133179666,0.0015867758242115743
167,0.1670748495325906,0.0016076148011144064
168,0.16807529773338456,0.0016286067764751777
169,0.1690757459341785,0.001649747026593517
170,0.17007619413497246,0.0016710318399905618
171,0.17107664233576642,0.0016924655362627475
172,0.17207709053656037,0.0017140433838630249
173,0.17307753873735435,0.0017357805700373534
174,0.1740779869381483,0.0017576679298654126
175,0.17507843513894225,0.0017796982797131668
176,0.1760788833397362,0.0018018690890268464
177,0.17707933154053015,0.0018242079035708217
178,0.1780797797413241,0.0018467096269275006
179,0.17908022794211806,0.001869357977239293
180,0.18008067614291204,0.0018921660309956802
181,0.181081124343706,0.0019151304102016297
182,0.18208157254449994,0.0019382566036086517
183,0.1830820207452939,0.001961543583301882
184,0.18408246894608785,0.0019849899682659296
185,0.1850829171468818,0.00200854540244244
186,0.18608336534767575,0.0020322506257854415
187,0.1870838135484697,0.0020561186284709537
188,0.18808426174926368,0.00208014619336085
189,0.18908470995005763,0.002104326136821096
190,0.19008515815085159,0.002128649070301036
191,0.19108560635164554,0.0021531088851615707
192,0.1920860545524395,0.002177711968598882
193,0.19308650275323344,0.0022024673992198287
194,0.1940869509540274,0.0022273837691372113
195,0.19508739915482137,0.002252443066300862
196,0.19608784735561532,0.002277653388482845
197,0.19708829555640928,0.0023030204598350214
198,0.19808874375720323,0.002328531070474378
199,0.19908919195799718,0.0023541787547379485
200,0.20008964015879113,0.0023799760202310332
201,0.20109008835958508,0.0024059425895796827
202,0.20209053656037904,0.0024320721030510885
203,0.20309098476117302,0.0024583741571328806
204,0.20409143296196697,0.0024848316539129198
205,0.20509188116276092,0.0025114641355436533
206,0.20609232936355487,0.0025382708252039243
207,0.20709277756434882,0.0025652346799083414
208,0.20809322576514278,0.0025923724719318928
209,0.20909367396593673,0.002619707572606064
210,0.2100941221667307,0.002647186899151771
211,0.21109457036752466,0.002674846781689806
212,0.2120950185683186,0.0027026832694176162
213,0.21309546676911256,0.002730677451840362
214,0.21409591496990651,0.0027588342017453027
215,0.21509636317070047,0.0027871535897525434
216,0.21609681137149442,0.0028156612862703287
217,0.2170972595722884,0.0028443342416809856
218,0.21809770777308235,0.0028731524704947394
219,0.2190981559738763,0.0029021586861052245
220,0.22009860417467025,0.002931325448678228
221,0.2210990523754642,0.002960652008855967
222,0.22209950057625816,0.00299011310818081
223,0.2230999487770521,0.0030197389485177536
224,0.22410039697784606,0.0030495249984100457
225,0.22510084517864004,0.003079486645193944
226,0.226101293379434,0.0031096316139242915
227,0.22710174158022794,0.0031399599359878006
228,0.2281021897810219,0.0031704952573497
229,0.22910263798181585,0.003201203676436149
230,0.2301030861826098,0.0032320726974118647
231,0.23110353438340375,0.003263100472384094
232,0.23210398258419773,0.0032943222133219635
233,0.23310443078499168,0.0033257121909671403
234,0.23410487898578564,0.003357275085863265
235,0.2351053271865796,0.0033890137855879725
236,0.23610577538737354,0.003420927513320105
237,0.2371062235881675,0.0034529936235459255
238,0.23810667178896144,0.0034852255183920678
239,0.23910711998975542,0.0035176107765666925
240,0.24010756819054938,0.0035501783562362746
241,0.24110801639134333,0.0035829241967447662
242,0.24210846459213728,0.0036158608645475545
243,0.24310891279293123,0.003648986229271466
244,0.24410936099372518,0.0036822945393012643
245,0.24510980919451913,0.0037157895257325093
246,0.2461102573953131,0.0037494770853439855
247,0.24711070559610707,0.003783334258754821
248,0.24811115379690102,0.0038173878855283353
249,0.24911160199769497,0.0038516371456866396
250,0.2501120501984889,0.0038860428607646992
251,0.2511124983992829,0.003920616349596044
252,0.2521129466000768,0.003955393738287827
253,0.2531133948008708,0.00399038228501753
254,0.25411384300166473,0.004025573813546304
255,0.2551142912024587,0.004060936748840443
256,0.25611473940325263,0.004096488439905791
257,0.2571151876040466,0.004132243783661211
258,0.2581156358048406,0.004168187757640988
259,0.2591160840056345,0.004204313178211086
260,0.2601165322064285,0.0042406145840833695
261,0.2611169804072224,0.0042771378233994765
262,0.2621174286080164,0.004313862851819545
263,0.2631178768088103,0.004350742852137159
264,0.2641183250096043,0.004387831836962787
265,0.2651187732103983,0.004425107039159178
266,0.2661192214111922,0.004462563429005503
267,0.2671196696119862,0.0045002120036214815
268,0.2681201178127801,0.0045380361319723355
269,0.2691205660135741,0.00457604997338916
270,0.270121014214368,0.004614251103248342
271,0.271121462415162,0.0046526182335115
272,0.272121910615956,0.0046911872509620995
273,0.2731223588167499,0.004729959430685372
274,0.2741228070175439,0.004768918757610791
275,0.2751232552183378,0.0048080846287272576
276,0.2761237034191318,0.004847436513200848
277,0.2771241516199257,0.004886981245488413
278,0.2781245998207197,0.004926724906765677
279,0.2791250480215136,0.004966679835934358
280,0.2801254962223076,0.005006830712354963
281,0.28112594442310157,0.005047173593071619
282,0.2821263926238955,0.005087702765702481
283,0.2831268408246895,0.005128428937040168
284,0.2841272890254834,0.0051693647794702246
285,0.2851277372262774,0.005210486878504436
286,0.2861281854270713,0.0052517703719424285
287,0.2871286336278653,0.005293303719312656
288,0.28812908182865926,0.005335042167085113
289,0.2891295300294532,0.005376953857745668
290,0.29012997823024717,0.005419056426703929
291,0.2911304264310411,0.005461363884204103
292,0.29213087463183507,0.0055038714202323554
293,0.293131322832629,0.00554659740778606
294,0.294131771033423,0.0055895333371425385
295,0.29513221923421695,0.005632685375790979
296,0.2961326674350109,0.005676041392766642
297,0.29713311563580486,0.005719628596426731
298,0.2981335638365988,0.005763414148422321
299,0.29913401203739276,0.005807429325613343
300,0.3001344602381867,0.00585163557334569
301,0.30113490843898066,0.0058960380900437755
302,0.30213535663977464,0.005940656990667565
303,0.30313580484056857,0.00598546501193311
304,0.30413625304136255,0.006030460474651239
305,0.30513670124215647,0.006075678626101134
306,0.30613714944295045,0.006121126606760097
307,0.3071375976437444,0.006166794949610693
308,0.30813804584453836,0.006212690524419821
309,0.30913849404533233,0.0062588240889835094
310,0.31013894224612626,0.006305161290543912
311,0.31113939044692024,0.006351717073099959
312,0.31213983864771416,0.006398529151711172
313,0.31314028684850814,0.006445563616957034
314,0.31414073504930207,0.006492808573273154
315,0.31514118325009605,0.006540295909560375
316,0.31614163145089,0.006588043834035823
317,0.31714207965168395,0.006636028218163553
318,0.31814252785247793,0.006684252157458174
319,0.31914297605327185,0.00673269018160174
320,0.32014342425406583,0.00678134951346168
321,0.32114387245485976,0.006830223561828174
322,0.32214432065565374,0.006879326839132845
323,0.32314476885644766,0.00692867911115847
324,0.32414521705724164,0.006978292516716468
325,0.3251456652580356,0.007028153410433177
326,0.32614611345882955,0.007078239794145824
327,0.3271465616596235,0.007128543213058478
328,0.32814700986041745,0.007179074452430544
329,0.32914745806121143,0.007229846886925279
330,0.33014790626200535,0.007280851983279968
331,0.33114835446279933,0.007332086645980003
332,0.3321488026635933,0.007383558039042721
333,0.33314925086438724,0.007435266331171707
334,0.3341496990651812,0.007487189947924819
335,0.33515014726597514,0.007539379308133839
336,0.3361505954667691,0.00759183134767087
337,0.33715104366756304,0.00764453264086924
338,0.338151491868357,0.00769745011397968
339,0.339151940069151,0.007750586030768893
340,0.3401523882699449,0.007803983422420987
341,0.3411528364707389,0.007857608006798222
342,0.34215328467153283,0.007911468274006581
343,0.3431537328723268,0.00796557564488641
344,0.34415418107312074,0.008019917815846048
345,0.3451546292739147,0.008074515254945989
346,0.3461550774747087,0.008129372576033104
347,0.3471555256755026,0.00818448163425526
348,0.3481559738762966,0.008239821502521281
349,0.3491564220770905,0.008295415104901983
350,0.3501568702778845,0.00835126864811995
351,0.3511573184786784,0.008407363182446947
352,0.3521577666794724,0.008463712871137409
353,0.3531582148802664,0.008520328746621106
354,0.3541586630810603,0.008577183945794684
355,0.3551591112818543,0.008634287339328027
356,0.3561595594826482,0.008691643937325263
357,0.3571600076834422,0.008749230172287946
358,0.3581604558842361,0.008807093661783689
359,0.3591609040850301,0.008865223644093121
360,0.3601613522858241,0.00892359015667494
361,0.361161800486618,0.008982208610405438
362,0.362162248687412,0.00904108241074302
363,0.3631626968882059,0.009100197990780809
364,0.3641631450889999,0.009159577937182454
365,0.3651635932897938,0.00921924376554001
366,0.3661640414905878,0.009279168039942602
367,0.3671644896913817,0.009339385348548425
368,0.3681649378921757,0.009399872429879495
369,0.36916538609296967,0.009460622782962788
370,0.3701658342937636,0.009521646863497218
371,0.3711662824945576,0.009582942760816603
372,0.3721667306953515,0.00964449588402254
373,0.3731671788961455,0.009706287691414073
374,0.3741676270969394,0.0097683595310628
375,0.3751680752977334,0.009830730941197833
376,0.37616852349852736,0.00989337812676705
377,0.3771689716993213,0.009956267068496439
378,0.37816941990011527,0.010019479360070895
379,0.3791698681009092,0.010082992858164087
380,0.38017031630170317,0.010146788252100587
381,0.3811707645024971,0.010210915866552034
382,0.3821712127032911,0.010275310530931335
383,0.38317166090408505,0.010340003196461268
384,0.384172109104879,0.010404992556669886
385,0.38517255730567296,0.010470243709531861
386,0.3861730055064669,0.010535802868059373
387,0.38717345370726086,0.010601673865354799
388,0.3881739019080548,0.010667831321336994
389,0.38917435010884877,0.010734259934983163
390,0.39017479830964275,0.010801001262301884
391,0.39117524651043667,0.010868042901618014
392,0.39217569471123065,0.010935356965836673
393,0.3931761429120246,0.011002931441693295
394,0.39417659111281855,0.011070783442793377
395,0.3951770393136125,0.01113894291598487
396,0.39617748751440646,0.011207392127774685
397,0.39717793571520044,0.011276110143224967
398,0.39817838391599436,0.011345108893210158
399,0.39917883211678834,0.0114144161510483
400,0.40017928031758226,0.01148403053180067
401,0.40117972851837624,0.011553959399574895
402,0.40218017671917017,0.01162418781037205
403,0.40318062491996415,0.01169474682134507
404,0.40418107312075807,0.011765579312598858
405,0.40518152132155205,0.011836699945651922
406,0.40618196952234603,0.011908111109817824
407,0.40718241772313996,0.01197981573190759
408,0.40818286592393394,0.012051844975004314
409,0.40918331412472786,0.012124142256710364
410,0.41018376232552184,0.012196740839095296
411,0.41118421052631576,0.01226969161963827
412,0.41218465872710974,0.012342967715619237
413,0.4131851069279037,0.012416545057352337
414,0.41418555512869765,0.012490433315868646
415,0.4151860033294916,0.01256465002064761
416,0.41618645153028555,0.012639182746474055
417,0.41718689973107953,0.012714029472828299
418,0.41818734793187345,0.012789170634017863
419,0.41918779613266743,0.012864650489232018
420,0.4201882443334614,0.012940489380984401
421,0.42118869253425534,0.013016667033458145
422,0.4221891407350493,0.013093156826796917
423,0.42318958893584324,0.013169966046641574
424,0.4241900371366372,0.01324715376278679
425,0.42519048533743115,0.013324669450470618
426,0.4261909335382251,0.01340250443519014
427,0.4271913817390191,0.013480702175773435
428,0.42819182993981303,0.013559233196173252
429,0.429192278140607,0.01363808258377738
430,0.43019272634140093,0.013717212843233285
431,0.4311931745421949,0.01379665162231216
432,0.43219362274298884,0.013876389928720612
433,0.4331940709437828,0.013956494145357531
434,0.4341945191445768,0.014036940233923776
435,0.4351949673453707,0.014117738571651472
436,0.4361954155461647,0.014198945603621378
437,0.4371958637469586,0.014280526204177831
438,0.4381963119477526,0.01436243980599373
439,0.43919676014854653,0.014444716132286685
440,0.4401972083493405,0.014527360922901916
441,0.4411976565501345,0.014610365150235971
442,0.4421981047509284,0.014693705505730797
443,0.4431985529517224,0.014777415110215733
444,0.4441990011525163,0.014861532628198384
445,0.4451994493533103,0.014946001128103932
446,0.4461998975541042,0.015030827165832145
447,0.4472003457548982,0.015116042214409913
448,0.4482007939556921,0.015201625393826126
449,0.4492012421564861,0.015287643043822952
450,0.4502016903572801,0.01537402468553539
451,0.451202138558074,0.015460760224211736
452,0.452202586758868,0.015547857322133402
453,0.4532030349596619,0.015635325697411537
454,0.4542034831604559,0.015723150045100005
455,0.4552039313612498,0.015811371638726958
456,0.4562043795620438,0.015899993240323183
457,0.4572048277628378,0.015989057206258445
458,0.4582052759636317,0.01607850117505651
459,0.4592057241644257,0.016168324436592982
460,0.4602061723652196,0.016258529941218923
461,0.4612066205660136,0.016349148557766993
462,0.4622070687668075,0.01644021106875638
463,0.4632075169676015,0.01653170719896178
464,0.46420796516839546,0.016623600669265805
465,0.4652084133691894,0.016715882499145084
466,0.46620886156998337,0.01680855636869176
467,0.4672093097707773,0.016901589745577365
468,0.46820975797157127,0.016994999056823046
469,0.4692102061723652,0.017088845765460367
470,0.4702106543731592,0.01718309677027668
471,0.47121110257395316,0.01727780183882946
472,0.4722115507747471,0.017372933484204427
473,0.47321199897554106,0.017468458369788584
474,0.474212447176335,0.017564398548671447
475,0.47521289537712896,0.017660774873400755
476,0.4762133435779229,0.017757594362830295
477,0.47721379177871687,0.017854811466992204
478,0.47821423997951085,0.01795244623022635
479,0.47921468818030477,0.01805049290091749
480,0.48021513638109875,0.018148982328281594
481,0.4812155845818927,0.01824784801956626
482,0.48221603278268665,0.01834715172028347
483,0.4832164809834806,0.018446900559140524
484,0.48421692918427456,0.01854706659803913
485,0.48521737738506854,0.018647676668695923
486,0.48621782558586246,0.018748729260625322
487,0.48721827378665644,0.018850185007042015
488,0.48821872198745037,0.018952064368159813
489,0.48921917018824435,0.019054370172706267
490,0.49021961838903827,0.01915708271374868
491,0.49122006658983225,0.019260262387170365
492,0.4922205147906262,0.019363940940631957
493,0.49322096299142015,0.019468087038423437
494,0.49422141119221413,0.019572686689917292
495,0.49522185939300806,0.019677755302066474
496,0.49622230759380204,0.01978329772411821
497,0.49722275579459596,0.019889260673203124
498,0.49822320399538994,0.019995745257695173
499,0.49922365219618386,0.020102728675147057
500,0.5002241003969778,0.02021017978209238
501,0.5012245485977718,0.02031809789979346
502,0.5022249967985658,0.02042650602686456
503,0.5032254449993597,0.02053541066035536
504,0.5042258932001537,0.020644790076736835
505,0.5052263414009476,0.020754633836003428
506,0.5062267896017416,0.020865005284389507
507,0.5072272378025355,0.020975855278148534
508,0.5082276860033295,0.021087199538100586
509,0.5092281342041235,0.021198979618261934
510,0.5102285824049174,0.021311271576485883
511,0.5112290306057113,0.021424169914243223
512,0.5122294788065053,0.02153766088023013
513,0.5132299270072993,0.02165166665109067
514,0.5142303752080932,0.02176617432296228
515,0.5152308234088872,0.021881172361227778
516,0.5162312716096812,0.021996703314500553
517,0.5172317198104751,0.022112723653332424
518,0.518232168011269,0.022229173209393743
519,0.519232616212063,0.022346113402559358
520,0.520233064412857,0.022463616316339984
521,0.5212335126136509,0.022581619499022584
522,0.5222339608144448,0.02270019900846047
523,0.5232344090152389,0.022819290701981416
524,0.5242348572160328,0.02293888023978072
525,0.5252353054168267,0.023058977285042786
526,0.5262357536176206,0.023179550619757763
527,0.5272362018184147,0.02330061598436244
528,0.5282366500192086,0.023422208214185378
529,0.5292370982200025,0.02354438324427325
530,0.5302375464207966,0.02366715232283947
531,0.5312379946215905,0.023790477750517885
532,0.5322384428223844,0.02391437675861416
533,0.5332388910231783,0.024038919818146615
534,0.5342393392239724,0.024163985042737
535,0.5352397874247663,0.0242895514621374
536,0.5362402356255602,0.02441564427203203
537,0.5372406838263543,0.02454233198176961
538,0.5382411320271482,0.024669582490588992
539,0.5392415802279421,0.024797377782516665
540,0.540242028428736,0.02492577740599468
541,0.5412424766295301,0.0250547302359902
542,0.542242924830324,0.025184286518708084
543,0.5432433730311179,0.025314547766626238
544,0.544243821231912,0.025445442782908587
545,0.5452442694327059,0.025576926468771275
546,0.5462447176334998,0.02570902357263784
547,0.5472451658342937,0.025841694849346484
548,0.5482456140350878,0.0259749644627432
549,0.5492460622358817,0.026108781417265355
550,0.5502465104366756,0.026243160123337748
551,0.5512469586374696,0.026378175328418404
552,0.5522474068382636,0.026513786237626548
553,0.5532478550390575,0.026649982701283725
554,0.5542483032398514,0.02678683347983237
555,0.5552487514406454,0.026924309870123068
556,0.5562491996414394,0.027062382906142646
557,0.5572496478422333,0.02720109752189473
558,0.5582500960430272,0.027340498816163166
559,0.5592505442438213,0.027480544754292006
560,0.5602509924446152,0.027621242064807927
561,0.5612514406454091,0.02776252019037916
562,0.5622518888462031,0.027904388645103202
563,0.5632523370469971,0.02804682694522621
564,0.564252785247791,0.02818984307082007
565,0.5652532334485849,0.028333473434395694
566,0.566253681649379,0.02847782929008217
567,0.5672541298501729,0.02862287198906524
568,0.5682545780509668,0.028768667047185857
569,0.5692550262517608,0.028915118621191224
570,0.5702554744525548,0.029062195536228227
571,0.5712559226533487,0.029209980880773995
572,0.5722563708541426,0.029358404839007847
573,0.5732568190549366,0.029507548467117204
574,0.5742572672557306,0.029657436529218956
575,0.5752577154565245,0.029808016044540846
576,0.5762581636573185,0.02995933507006446
577,0.5772586118581124,0.030111444126628414
578,0.5782590600589064,0.030264319729124373
579,0.5792595082597003,0.030417873994754752
580,0.5802599564604943,0.03057222406265739
581,0.5812604046612883,0.030727323762976842
582,0.5822608528620822,0.0308831497126116
583,0.5832613010628762,0.03103971737736471
584,0.5842617492636701,0.031196939160842336
585,0.5852621974644641,0.03135488204621426
586,0.586262645665258,0.03151357744373396
587,0.587263093866052,0.031673028095815514
588,0.588263542066846,0.03183327334962754
589,0.5892639902676399,0.03199432570885201
590,0.5902644384684339,0.03215608899282894
591,0.5912648866692278,0.03231857502650265
592,0.5922653348700218,0.03248183682595543
593,0.5932657830708157,0.03264587467759105
594,0.5942662312716097,0.032810723208801094
595,0.5952666794724036,0.03297635780063222
596,0.5962671276731976,0.033142701281002794
597,0.5972675758739916,0.033309823410806745
598,0.5982680240747855,0.03347778236924075
599,0.5992684722755794,0.03364663542921012
600,0.6002689204763734,0.033816185309527624
601,0.6012693686771674,0.033986406269164916
602,0.6022698168779613,0.03415734335982577
603,0.6032702650787553,0.03432906399624731
604,0.6042707132795493,0.034501548267483174
605,0.6052711614803432,0.03467488847401089
606,0.6062716096811371,0.034849041753349935
607,0.6072720578819311,0.03502398207022151
608,0.6082725060827251,0.03519977919728958
609,0.609272954283519,0.03537652352044212
610,0.6102734024843129,0.03555420648679974
611,0.611273850685107,0.03573280073499499
612,0.6122742988859009,0.035912248164297986
613,0.6132747470866948,0.03609254977516022
614,0.6142751952874888,0.03627375657883769
615,0.6152756434882828,0.03645582687023493
616,0.6162760916890767,0.03663895188075017
617,0.6172765398898706,0.03682296971379221
618,0.6182769880906647,0.03700786924669449
619,0.6192774362914586,0.03719364184418747
620,0.6202778844922525,0.03738034300190383
621,0.6212783326930464,0.03756800423210385
622,0.6222787808938405,0.03775663099999901
623,0.6232792290946344,0.03794622459244455
624,0.6242796772954283,0.03813674530917134
625,0.6252801254962224,0.03832807583449125
626,0.6262805736970163,0.038520280546476875
627,0.6272810218978102,0.03871346663075456
628,0.6282814700986041,0.0389076276687414
629,0.6292819182993982,0.0391027432002236
630,0.6302823665001921,0.03929881129884161
631,0.631282814700986,0.039495817267766874
632,0.63228326290178,0.0396938232958487
633,0.633283711102574,0.039892775951130825
634,0.6342841593033679,0.04009266964285492
635,0.6352846075041618,0.040293558858355484
636,0.6362850557049559,0.040495446598987
637,0.6372855039057498,0.040698422218799254
638,0.6382859521065437,0.040902439563630155
639,0.6392864003073376,0.04110737865776761
640,0.6402868485081317,0.04131342522424169
641,0.6412872967089256,0.04152044905134834
642,0.6422877449097195,0.04172848562176713
643,0.6432881931105136,0.04193758184294126
644,0.6442886413113075,0.04214777271890289
645,0.6452890895121014,0.0423590737193784
646,0.6462895377128953,0.04257151795735045
647,0.6472899859136894,0.04278512865506364
648,0.6482904341144833,0.042999798889755345
649,0.6492908823152772,0.04321551380374009
650,0.6502913305160712,0.043432336292068247
651,0.6512917787168652,0.043650237294566525
652,0.6522922269176591,0.04386920545316799
653,0.653292675118453,0.04408932401720668
654,0.654293123319247,0.04431068391006805
655,0.655293571520041,0.04453334171807308
656,0.6562940197208349,0.04475715975555663
657,0.6572944679216289,0.044982046432165586
658,0.6582949161224229,0.045208075510599834
659,0.6592953643232168,0.0454353399229945
660,0.6602958125240107,0.04566376037474145
661,0.6612962607248047,0.045893283732058185
662,0.6622967089255987,0.04612404014387527
663,0.6632971571263926,0.046356069691025764
664,0.6642976053271866,0.0465894270256244
665,0.6652980535279805,0.04682402568512239
666,0.6662985017287745,0.04705989964956033
667,0.6672989499295684,0.04729701345587541
668,0.6682993981303624,0.047535395014702546
669,0.6692998463311564,0.04777499451140417
670,0.6703002945319503,0.048016085693048126
671,0.6713007427327443,0.048258517923026656
672,0.6723011909335382,0.048502124451578005
673,0.6733016391343322,0.04874700381728898
674,0.6743020873351261,0.048993168641541705
675,0.6753025355359201,0.04924064408078701
676,0.676302983736714,0.04948941433966135
677,0.677303431937508,0.04973943768952922
678,0.678303880138302,0.049990898805889104
679,0.6793043283390959,0.050243674531200835
680,0.6803047765398899,0.05049771782855101
681,0.6813052247406838,0.05075328388761315
682,0.6823056729414778,0.051010237321798886
683,0.6833061211422717,0.05126860431155056
684,0.6843065693430657,0.05152820841645863
685,0.6853070175438597,0.05178911874614273
686,0.6863074657446536,0.05205151105442804
687,0.6873079139454475,0.05231553437719992
688,0.6883083621462415,0.05258118449686876
689,0.6893088103470355,0.0528483306563864
690,0.6903092585478294,0.05311707297544537
691,0.6913097067486234,0.053387160223021354
692,0.6923101549494174,0.05365887622524055
693,0.6933106031502113,0.053931976346211816
694,0.6943110513510052,0.05420658817684859
695,0.6953114995517992,0.0544826875179948
696,0.6963119477525932,0.05476039937508336
697,0.6973123959533871,0.055039564287916704
698,0.698312844154181,0.05532021180316217
699,0.6993132923549751,0.05560252634522453
700,0.700313740555769,0.05588662375069302
701,0.7013141887565629,0.0561723977755427
702,0.7023146369573569,0.05645984929860153
703,0.7033150851581509,0.056749070993064255
704,0.7043155333589448,0.05704011741688549
705,0.7053159815597387,0.057332927903471505
706,0.7063164297605328,0.05762742078067064
707,0.7073168779613267,0.05792355884738079
708,0.7083173261621206,0.05822172415444782
709,0.7093177743629145,0.058521514763619574
710,0.7103182225637086,0.058823021107864124
711,0.7113186707645025,0.05912627199626104
712,0.7123191189652964,0.059431366022323885
713,0.7133195671660905,0.05973849581023631
714,0.7143200153668844,0.06004760319257165
715,0.7153204635676783,0.06035871324731393
716,0.7163209117684722,0.06067187866883164
717,0.7173213599692663,0.06098720929885178
718,0.7183218081700602,0.06130423917807348
719,0.7193222563708541,0.06162323590961542
720,0.7203227045716482,0.06194412358863452
721,0.7213231527724421,0.062266734296213946
722,0.722323600973236,0.06259116812065947
723,0.7233240491740299,0.06291773001527876
724,0.724324497374824,0.06324638163335466
725,0.7253249455756179,0.06357706853463277
726,0.7263253937764118,0.0639098845850029
727,0.7273258419772057,0.0642445731784661
728,0.7283262901779998,0.06458091409407096
729,0.7293267383787937,0.0649192300186182
730,0.7303271865795876,0.065259501810136
731,0.7313276347803817,0.06560200046935473
732,0.7323280829811756,0.06594663017263833
733,0.7333285311819695,0.0662932616106508
734,0.7343289793827634,0.06664186745341143
735,0.7353294275835575,0.06699267035826527
736,0.7363298757843514,0.0673458579392918
737,0.7373303239851453,0.06770149977298807
738,0.7383307721859393,0.06805958301434158
739,0.7393312203867333,0.0684199582625964
740,0.7403316685875272,0.06878248148020132
741,0.7413321167883211,0.06914727200728743
742,0.7423325649891152,0.06951425716399645
743,0.7433330131899091,0.06988369360340743
744,0.744333461390703,0.0702557359874741
745,0.745333909591497,0.0706302696762257
746,0.746334357792291,0.071007081542108
747,0.7473348059930849,0.07138618565813866
748,0.7483352541938788,0.0717678649716159
749,0.7493357023946728,0.07215197035249417
750,0.7503361505954668,0.0725385269964577
751,0.7513365987962607,0.07292755112651399
752,0.7523370469970547,0.07331893622400434
753,0.7533374951978487,0.0737129226797669
754,0.7543379433986426,0.07410930672341141
755,0.7553383915994365,0.0745083919311535
756,0.7563388398002305,0.07491035597140783
757,0.7573392880010245,0.07531504965135546
758,0.7583397362018184,0.07572217008921187
759,0.7593401844026124,0.07613197289052448
760,0.7603406326034063,0.07654448545981747
761,0.7613410808042003,0.07695992200748665
762,0.7623415290049942,0.0773783694237248
763,0.7633419772057882,0.07779973710686024
764,0.7643424254065821,0.07822389489226908
765,0.7653428736073761,0.07865118243127067
766,0.7663433218081701,0.07908145519197302
767,0.767343770008964,0.07951482532302653
768,0.768344218209758,0.07995124702729296
769,0.7693446664105519,0.08039064361526142
770,0.7703451146113459,0.08083311855715607
771,0.7713455628121398,0.08127841757351806
772,0.7723460110129338,0.08172618894091337
773,0.7733464592137278,0.08217671890224514
774,0.7743469074145217,0.08263053338505356
775,0.7753473556153156,0.08308749177686249
776,0.7763478038161096,0.08354774567549778
777,0.7773482520169036,0.08401126580500246
778,0.7783487002176975,0.08447807952674397
779,0.7793491484184915,0.08494820842301114
780,0.7803495966192855,0.0854220679793463
781,0.7813500448200794,0.08589921265350567
782,0.7823504930208733,0.0863796912989087
783,0.7833509412216673,0.08686357600691279
784,0.7843513894224613,0.08735122063524846
785,0.7853518376232552,0.08784271907726891
786,0.7863522858240491,0.08833797013044005
787,0.7873527340248432,0.08883644262564053
788,0.7883531822256371,0.08933852781394658
789,0.789353630426431,0.08984423704557845
790,0.790354078627225,0.09035363346275686
791,0.791354526828019,0.09086703009302151
792,0.7923549750288129,0.09138468875648911
793,0.7933554232296068,0.09190609380869148
794,0.7943558714304009,0.09243143762664187
795,0.7953563196311948,0.09296081762685207
796,0.7963567678319887,0.09349469504099925
797,0.7973572160327826,0.09403270328011724
798,0.7983576642335767,0.09457557222261011
799,0.7993581124343706,0.09512352299179727
800,0.8003585606351645,0.09567586945058318
801,0.8013590088359586,0.09623286490151522
802,0.8023594570367525,0.09679396421623125
803,0.8033599052375464,0.09735980063344468
804,0.8043603534383403,0.09793054632104865
805,0.8053608016391344,0.09850600905504016
806,0.8063612498399283,0.09908653212759727
807,0.8073616980407222,0.0996717444261438
808,0.8083621462415161,0.10026157486369713
809,0.8093625944423102,0.10085648699847459
810,0.8103630426431041,0.10145636782261447
811,0.811363490843898,0.10206164598053868
812,0.8123639390446921,0.10267127216341397
813,0.813364387245486,0.10328553723191367
814,0.8143648354462799,0.103904849232929
815,0.8153652836470738,0.10452940171262834
816,0.8163657318478679,0.10515981363661717
817,0.8173661800486618,0.1057951521721557
818,0.8183666282494557,0.10643586164132925
819,0.8193670764502498,0.10708156982125662
820,0.8203675246510437,0.10773291440364116
821,0.8213679728518376,0.10838960011012966
822,0.8223684210526315,0.1090517814300489
823,0.8233688692534256,0.10972029363838665
824,0.8243693174542195,0.11039430524225413
825,0.8253697656550134,0.11107360441664578
826,0.8263702138558074,0.11175911954915801
827,0.8273706620566014,0.11245056111305289
828,0.8283711102573953,0.11314765057478872
829,0.8293715584581892,0.11385087323965189
830,0.8303720066589833,0.11456030917907166
831,0.8313724548597772,0.11527609020547443
832,0.8323729030605711,0.11599760009566876
833,0.8333733512613651,0.1167255077868313
834,0.8343737994621591,0.11746027675086586
835,0.835374247662953,0.11820100457268132
836,0.8363746958637469,0.11894794553565985
837,0.8373751440645409,0.11970227253381886
838,0.8383755922653349,0.12046342060631668
839,0.8393760404661288,0.12123068852689525
840,0.8403764886669228,0.12200475112950997
841,0.8413769368677168,0.12278583467313121
842,0.8423773850685107,0.12357338445252594
843,0.8433778332693046,0.12436845228354115
844,0.8443782814700986,0.12517099600597403
845,0.8453787296708926,0.12598151110225278
846,0.8463791778716865,0.12680084501756325
847,0.8473796260724805,0.12762804195193814
848,0.8483800742732744,0.12846325727353228
849,0.8493805224740684,0.12930670811170575
850,0.8503809706748623,0.13015795838730895
851,0.8513814188756563,0.13101736558323776
852,0.8523818670764503,0.13188470090212132
853,0.8533823152772442,0.13275939379628293
854,0.8543827634780382,0.13364281284020488
855,0.8553832116788321,0.13453599173960049
856,0.8563836598796261,0.13543891897162266
857,0.85738410808042,0.13635076698633844
858,0.858384556281214,0.13727085734424377
859,0.8593850044820079,0.13819970171546425
860,0.8603854526828019,0.13913816161820342
861,0.8613859008835959,0.14008458399273185
862,0.8623863490843898,0.14103929295786907
863,0.8633867972851837,0.14200588831070476
864,0.8643872454859777,0.14298423287168457
865,0.8653876936867717,0.14397379775507058
866,0.8663881418875656,0.14497324368195413
867,0.8673885900883596,0.14598179389395138
868,0.8683890382891536,0.1470000429927315
869,0.8693894864899475,0.14802939741299975
870,0.8703899346907414,0.14906948894152766
871,0.8713903828915354,0.15012138666862454
872,0.8723908310923294,0.15118453084756656
873,0.8733912792931233,0.15225906803076533
874,0.8743917274939172,0.15334563929576597
875,0.8753921756947113,0.15444460433430435
876,0.8763926238955052,0.1555565436083352
877,0.8773930720962991,0.1566818058674015
878,0.8783935202970931,0.15782095168212837
879,0.8793939684978871,0.15897357844729595
880,0.880394416698681,0.1601390205841061
881,0.8813948648994749,0.16131788699479918
882,0.882395313100269,0.16251124166934372
883,0.8833957613010629,0.163717776801858
884,0.8843962095018568,0.16493899165717565
885,0.8853966577026507,0.16617434046743026
886,0.8863971059034448,0.16742249127074074
887,0.8873975541042387,0.1686853241783215
888,0.8883980023050326,0.16996471906990984
889,0.8893984505058267,0.17125882954362165
890,0.8903988987066206,0.1725685466015543
891,0.8913993469074145,0.17389469414885864
892,0.8923997951082084,0.17523766639480864
893,0.8934002433090025,0.1765969039497042
894,0.8944006915097964,0.17797339908487367
895,0.8954011397105903,0.1793685957813783
896,0.8964015879113842,0.18078127025164484
897,0.8974020361121783,0.18221006006514023
898,0.8984024843129722,0.18365794669677632
899,0.8994029325137661,0.18512291662218994
900,0.9004033807145602,0.18660734192755846
901,0.9014038289153541,0.18811149038862743
902,0.902404277116148,0.18963716386168797
903,0.9034047253169419,0.19118231851850515
904,0.904405173517736,0.1927478112830523
905,0.9054056217185299,0.19433438979861326
906,0.9064060699193238,0.19594219692573753
907,0.9074065181201179,0.19757086750355443
908,0.9084069663209118,0.19922050236972752
909,0.9094074145217057,0.20089360661947891
910,0.9104078627224996,0.20259079335694535
911,0.9114083109232937,0.2043118316151494
912,0.9124087591240876,0.20605873490668422
913,0.9134092073248815,0.20783088228073462
914,0.9144096555256755,0.20962893384696407
915,0.9154101037264695,0.21145416345083035
916,0.9164105519272634,0.21330968259455235
917,0.9174110001280573,0.2151948802925965
918,0.9184114483288514,0.21711052012485044
919,0.9194118965296453,0.219058357295179
920,0.9204123447304392,0.2210341605058184
921,0.9214127929312332,0.22303866127512842
922,0.9224132411320272,0.22506966726863958
923,0.9234136893328211,0.22713335029906007
924,0.924414137533615,0.22922805952334713
925,0.925414585734409,0.23135727951404206
926,0.926415033935203,0.23352563253750452
927,0.9274154821359969,0.23573276581884567
928,0.9284159303367909,0.23797573060772567
929,0.9294163785375849,0.24025065401518467
930,0.9304168267383788,0.24256161051919622
931,0.9314172749391727,0.2449128600265135
932,0.9324177231399667,0.24730583814579188
933,0.9334181713407607,0.24974230192878905
934,0.9344186195415546,0.2522221963349797
935,0.9354190677423486,0.2547465600919514
936,0.9364195159431425,0.25731878723334717
937,0.9374199641439365,0.2599387283074078
938,0.9384204123447304,0.26260407183962287
939,0.9394208605455244,0.2653137179375471
940,0.9404213087463184,0.26808106804907617
941,0.9414217569471123,0.27090170734263946
942,0.9424222051479063,0.27377671068370163
943,0.9434226533487002,0.2767045077596799
944,0.9444231015494942,0.2796867429165675
945,0.9454155461646818,0.282700386777198
946,0.9464079907798694,0.2857737558773113
947,0.947400435395057,0.288920924493932
948,0.9483928800102446,0.29213685855917365
949,0.9493853246254322,0.29541580007845125
950,0.9503777692406198,0.29875236908267966
951,0.9513702138558074,0.3021550541477386
952,0.952362658470995,0.3056271494896758
953,0.9533551030861827,0.30917223097713536
954,0.9543475477013702,0.3127943346550602
955,0.9553399923165579,0.3164975030497496
956,0.9563324369317454,0.3202908801936664
957,0.9573248815469331,0.32419131200287465
958,0.9583173261621206,0.32818287698633414
959,0.9593097707773083,0.33226412856180987
960,0.9603022153924958,0.33643433088742236
961,0.9612946600076835,0.34070519698635815
962,0.962287104622871,0.34508546994935635
963,0.9632795492380587,0.34958504581099337
964,0.9642719938532462,0.35421665204442093
965,0.9652644384684339,0.3589735148907707
966,0.9662568830836215,0.3638550809512815
967,0.9672493276988091,0.36887228741274103
968,0.9682417723139967,0.3740371676075934
969,0.9692342169291843,0.3793629489561783
970,0.9702266615443719,0.38486062555724154
971,0.9712191061595595,0.3905185458035478
972,0.9722115507747471,0.396349706215156
973,0.9732039953899347,0.4023822894987831
974,0.9741964400051223,0.40862518476400567
975,0.97518888462031,0.41507675721031473
976,0.9761813292354975,0.42176931337408435
977,0.9771737738506852,0.4287530682225453
978,0.9781662184658727,0.43600415871603615
979,0.9791586630810604,0.44353172344142516
980,0.9801511076962479,0.45134313304655643
981,0.9811435523114356,0.45948078734825776
982,0.9821359969266231,0.4679630311821728
983,0.9831284415418108,0.47681307505034426
984,0.9841208861569983,0.4860334695548053
985,0.985113330772186,0.49564501946486456
986,0.9861057753873735,0.50578983528958
987,0.9870982200025612,0.5165204706437398
988,0.9880906646177487,0.5279855446834723
989,0.9890831092329364,0.5401362732990379
990,0.990075553848124,0.5531629435330824
991,0.9910679984633116,0.5672748507554762
992,0.9920604430784992,0.5825395000342828
993,0.9930528876936868,0.5992222603662254
994,0.9940453323088744,0.6178572242782151
995,0.995037776924062,0.6389761736230136
996,0.9960302215392496,0.6636221881129707
997,0.9970226661544372,0.6934380966957798
998,0.9980151107696248,0.7327823764394177
999,0.9990075553848125,0.788037460988769
1000,1.0,1.0000000000000004
